time,conversion
0.004759018593416861,0.0
0.02617864668638481,0.0
0.04186225930192923,0.0
0.05885705661362617,0.0
0.06243562847047369,0.0
0.06509227143541302,0.0
0.08616991958823318,0.0
0.13506048875289087,0.0
0.13594118683824064,0.0
0.1376177063368565,0.0
0.1522472569850135,0.0
0.16589499352703305,0.0
0.18199698812844153,0.0
0.19491332975274783,0.0
0.2032671207239031,0.0
0.2660251379806968,0.0
0.26797433427304684,0.0
0.2702201297067903,0.0
0.27900796098616554,0.0
0.28697808068671193,0.0
0.2945835224113888,0.0
0.30029200875221246,0.0
0.30335469482431243,0.0
0.35605633843340023,0.0
0.368164308146629,0.0
0.3797905031327303,0.0
0.3820561709527236,0.0
0.40189546056800224,0.0
0.41896151694353845,0.0
0.42729700359679756,0.0
0.43164739202021696,0.0
0.43526896665265125,0.0
0.44903963689062903,0.0
0.4598115685818867,0.0
0.4715346966363202,0.0
0.47519856178074543,0.0
0.48246116897360913,0.0
0.4984616339830153,0.0
0.5125548630996881,0.0
0.5435525691262346,0.0
0.5443459545719025,0.0
0.560141205345969,0.0
0.5672220350072876,0.0
0.576764820104827,0.0
0.5806150844184159,0.0
0.5813339193407191,0.0
0.5822721658084204,0.0
0.5846955917899573,0.0
0.5972715274366972,0.0
0.6041000401384041,0.0
0.6109012912445545,0.0
0.6112450087547653,0.0
0.6165557202640878,0.0
0.6280016891946801,0.0
0.6358332454927424,0.0
0.6378492077660826,0.0
0.6609883083911392,0.0
0.6720556908226101,0.0
0.6785964297728676,0.0
0.6895538203788659,0.0
0.6959950132783466,0.0
0.6991010829236605,0.0
0.7019462191351651,0.0
0.709254918588766,0.0
0.7154931021463712,0.0
0.7242794013437858,0.0
0.7245057595328533,0.0
0.7256962976637626,0.0
0.7273719967132923,0.0
0.7553105945859316,0.0
0.7595408123163697,0.0
0.766812037632062,0.0
0.7723447125918645,0.0
0.7740024955971911,0.0
0.7770398491444063,0.04997501249375312
0.7830626809284863,0.04997501249375312
0.7910353094079406,0.04997501249375312
0.7914725681872288,0.04997501249375312
0.7941190587362054,0.04997501249375312
0.8095927046394078,0.04997501249375312
0.8103824325869252,0.04997501249375312
0.8275947393366726,0.04997501249375312
0.8467513829533844,0.04997501249375312
0.8475423307026078,0.04997501249375312
0.8500502389460388,0.04997501249375312
0.8573844964911187,0.04997501249375312
0.8617089430966024,0.04997501249375312
0.8661656483774387,0.04997501249375312
0.8797892175251181,0.04997501249375312
0.8866851154576342,0.04997501249375312
0.9087065651084307,0.0999000999000999
0.9116565395085653,0.0999000999000999
0.9288800191490728,0.0999000999000999
0.9337079273723561,0.0999000999000999
0.9415190378150984,0.0999000999000999
0.95444261421999,0.0999000999000999
0.9590277544475323,0.14977533699450823
0.9597815300294431,0.14977533699450823
0.9611985277888668,0.14977533699450823
0.9688471543490867,0.14977533699450823
0.9744985208214072,0.14977533699450823
0.9823682373527381,0.14977533699450823
0.9873124060584766,0.14977533699450823
0.9932771575293543,0.14977533699450823
1.0018841023643736,0.14977533699450823
1.005470066421684,0.14977533699450823
1.0138297417864612,0.14977533699450823
1.0228015533933899,0.14977533699450823
1.0568027881127042,0.14977533699450823
1.062832922533747,0.14977533699450823
1.0785993989667353,0.14977533699450823
1.0791718324918536,0.14977533699450823
1.0857026968758579,0.14977533699450823
1.0905666716294666,0.14977533699450823
1.0915012436993754,0.14977533699450823
1.0975517306564757,0.14977533699450823
1.0978207133045612,0.14977533699450823
1.1001769359461884,0.19960079840319359
1.1157583384381242,0.19960079840319359
1.11884375913905,0.19960079840319359
1.1193962618103679,0.19960079840319359
1.1198873457366296,0.19960079840319359
1.1254799141714975,0.19960079840319359
1.1328679248382347,0.19960079840319359
1.1380512217638212,0.19960079840319359
1.1501700988050323,0.19960079840319359
1.1510192430658663,0.19960079840319359
1.1520205977835902,0.19960079840319359
1.15282094502001,0.19960079840319359
1.156146714787521,0.19960079840319359
1.1628330985491895,0.19960079840319359
1.1629165486998299,0.19960079840319359
1.1654479155749464,0.19960079840319359
1.1767027723145262,0.19960079840319359
1.1792431600711675,0.24937655860349126
1.1939046388324572,0.24937655860349126
1.1945704483651653,0.24937655860349126
1.1992085719810615,0.24937655860349126
1.2020015908945678,0.24937655860349126
1.2089578526134475,0.29910269192422734
1.2093454461991235,0.29910269192422734
1.223908277844714,0.3487792725460887
1.2272035312311091,0.3487792725460887
1.2359135380456847,0.398406374501992
1.2372470037646601,0.398406374501992
1.2432011117765414,0.398406374501992
1.256192209632706,0.398406374501992
1.2583168938497389,0.398406374501992
1.2588517477731176,0.44798407167745147
1.2633799082124733,0.44798407167745147
1.2718493525635206,0.4975124378109453
1.2722440373677184,0.4975124378109453
1.274975516824786,0.4975124378109453
1.2777503431051225,0.4975124378109453
1.2803331763003143,0.4975124378109453
1.2880512332944152,0.4975124378109453
1.2901949323646844,0.5469915464942815
1.2918053828094733,0.5469915464942815
1.3031547449399068,0.5469915464942815
1.3048904179808223,0.5469915464942815
1.317588379616862,0.5469915464942815
1.330207774121482,0.5469915464942815
1.333034126202434,0.5469915464942815
1.3342758998461943,0.5469915464942815
1.3359979964852866,0.5469915464942815
1.3573148973710971,0.5469915464942815
1.3585465435990376,0.5469915464942815
1.359527694465415,0.5469915464942815
1.3604336693042802,0.5964214711729622
1.3745581849848354,0.5964214711729622
1.382861870579963,0.5964214711729622
1.3886313697118795,0.5964214711729622
1.4088337445501695,0.6458022851465475
1.4163104810209903,0.6458022851465475
1.4184378073537902,0.6458022851465475
1.4294057745481354,0.6458022851465475
1.4339957648987955,0.6458022851465475
1.4373759190862219,0.6458022851465475
1.4388056808259648,0.6951340615690168
1.4391333807406406,0.7444168734491315
1.4470760842387256,0.7444168734491315
1.4472189756140124,0.7444168734491315
1.4494511897649496,0.7444168734491315
1.4597689415414132,0.7936507936507936
1.467571082017872,0.7936507936507936
1.4746497885515508,0.7936507936507936
1.4772235264580926,0.7936507936507936
1.480804806412584,0.7936507936507936
1.4943762092216242,0.7936507936507936
1.4946675179139794,0.7936507936507936
1.5114848327130601,0.7936507936507936
1.5118371955907,0.7936507936507936
1.5146704434243374,0.7936507936507936
1.5230026405034378,0.7936507936507936
1.5288411621747782,0.7936507936507936
1.5390136678896744,0.7936507936507936
1.5477769022280472,0.7936507936507936
1.5493639639799857,0.7936507936507936
1.552190011593908,0.7936507936507936
1.553612301785034,0.7936507936507936
1.5640712584057865,0.7936507936507936
1.5711234868140798,0.7936507936507936
1.5797463870120982,0.842835894893406
1.5852679187010814,0.842835894893406
1.5928577913352568,0.842835894893406
1.5957231843840705,0.842835894893406
1.5961237327892885,0.842835894893406
1.5987617837469736,0.842835894893406
1.6045212316544768,0.842835894893406
1.6059422436936432,0.842835894893406
1.6120277116917854,0.8919722497522299
1.6170875378139837,0.8919722497522299
1.6354944882060949,0.8919722497522299
1.6447701661928111,0.8919722497522299
1.6487252650479853,0.8919722497522299
1.6494462764826208,0.9410599306587419
1.6551583786578838,0.9410599306587419
1.6585259232112932,0.9410599306587419
1.6624337648677683,0.9410599306587419
1.6636000268411082,0.9900990099009901
1.6740400886608655,0.9900990099009901
1.676169399700688,0.9900990099009901
1.6809373792649642,1.0390895596239487
1.6817318299086177,1.0390895596239487
1.6850128918055851,1.0390895596239487
1.6938028114558075,1.0390895596239487
1.6972422861222276,1.0390895596239487
1.7018263613773428,1.0390895596239487
1.7040924809160864,1.0390895596239487
1.7103454033411019,1.0390895596239487
1.7116288594786575,1.0880316518298714
1.7136066259653575,1.0880316518298714
1.7147922761869947,1.0880316518298714
1.7180404196675798,1.0880316518298714
1.720278049549048,1.1369253583786456
1.7289216702551562,1.1369253583786456
1.7365539403797772,1.1369253583786456
1.736665120740641,1.1369253583786456
1.7422001074263396,1.185770750988142
1.7435543842271206,1.185770750988142
1.7461592379742565,1.185770750988142
1.7614158477382453,1.185770750988142
1.7644981776401285,1.185770750988142
1.7703380800339594,1.2345679012345678
1.7776124600394985,1.2345679012345678
1.7802457984073268,1.2833168805528135
1.792185280368588,1.2833168805528135
1.7941099475437716,1.2833168805528135
1.7947496178637856,1.2833168805528135
1.800120616535843,1.332017760236803
1.800830732151687,1.332017760236803
1.8054954685399704,1.332017760236803
1.8088856924853949,1.332017760236803
1.8095352841688483,1.3806706114398422
1.8099328642493566,1.3806706114398422
1.8168075011874696,1.3806706114398422
1.8295018704775605,1.3806706114398422
1.8340856219786397,1.3806706114398422
1.836001792242061,1.429275505174963
1.8501248378730482,1.429275505174963
1.8503252846553424,1.429275505174963
1.853005509997712,1.429275505174963
1.8546792641555319,1.429275505174963
1.8563473929401726,1.477832512315271
1.8587602829373093,1.477832512315271
1.864616267718241,1.5263417035942886
1.8667690819050926,1.574803149606299
1.8668202613190923,1.574803149606299
1.8678531833119245,1.574803149606299
1.87390115953254,1.574803149606299
1.874068723528608,1.6232169208066896
1.8746753076119398,1.6232169208066896
1.8817119275892322,1.671583087512291
1.8891314234497043,1.671583087512291
1.8916873634095435,1.671583087512291
1.8921906059875089,1.671583087512291
1.8929579195234152,1.671583087512291
1.8966730589585585,1.71990171990172
1.9013480265425688,1.71990171990172
1.9110127833663109,1.768172888015717
1.918368957274155,1.768172888015717
1.9220198126449262,1.8163966617574867
1.9230535667561317,1.8163966617574867
1.933750294363026,1.8645731108930326
1.9359618098816547,1.8645731108930326
1.938595759802627,1.8645731108930326
1.940311693336742,1.8645731108930326
1.9426239664653226,1.9127023050514957
1.9459107225556556,1.9127023050514957
1.9478610852408695,1.9127023050514957
1.951523078585007,1.9127023050514957
1.9553361415961543,1.9127023050514957
1.9652387415679682,1.9607843137254901
1.9713236858314696,1.9607843137254901
1.9716488063696143,1.9607843137254901
1.9781063279424966,2.0088192062714354
1.9782065273852472,2.056807051909892
1.9830551840482349,2.056807051909892
1.9877766940181483,2.056807051909892
1.9891678519630474,2.056807051909892
1.9908601513698578,2.1047479197258934
1.9977209638660143,2.1047479197258934
2.01000636536747,2.152641878669276
2.0192154929436157,2.152641878669276
2.0221774042285676,2.2004889975550124
2.0233422567441637,2.2004889975550124
2.0234335035863977,2.248289345063539
2.024153460483238,2.248289345063539
2.0263567411500985,2.248289345063539
2.033777818701965,2.248289345063539
2.036864741939842,2.248289345063539
2.0441854458095916,2.248289345063539
2.0469362770097272,2.248289345063539
2.048443432327195,2.248289345063539
2.052037853464226,2.248289345063539
2.067131910845936,2.248289345063539
2.0735314357130434,2.2960429897410846
2.0765553537756665,2.34375
2.0897473667017397,2.34375
2.091919673689949,2.3914104441190824
2.0970250689313685,2.3914104441190824
2.0982780965001235,2.3914104441190824
2.1052563935086,2.3914104441190824
2.1116312484951654,2.3914104441190824
2.116985552864554,2.3914104441190824
2.1175527857712373,2.3914104441190824
2.140582825049076,2.3914104441190824
2.1406707469937407,2.3914104441190824
2.149490702405074,2.3914104441190824
2.151812915827565,2.3914104441190824
2.158151171915272,2.3914104441190824
2.1601329971093644,2.3914104441190824
2.1644065436996742,2.3914104441190824
2.1740760826694236,2.3914104441190824
2.177833191862389,2.4390243902439024
2.1839577542690827,2.4390243902439024
2.186664345726528,2.4390243902439024
2.186922063011897,2.4390243902439024
2.191216375515622,2.4390243902439024
2.1957060417185477,2.4390243902439024
2.1958346941766704,2.4390243902439024
2.1973381300898063,2.4390243902439024
2.1999460824537054,2.4390243902439024
2.2031196931068617,2.4865919063871282
2.209316106668433,2.4865919063871282
2.2147779626134962,2.4865919063871282
2.219931014526308,2.53411306042885
2.22026067189786,2.53411306042885
2.2244475494366087,2.53411306042885
2.2308865139834255,2.53411306042885
2.2322307932752654,2.53411306042885
2.2431499885576764,2.581587920116902
2.2535537600485696,2.6290165530671863
2.2571587093886074,2.6290165530671863
2.259123130195547,2.6290165530671863
2.259429747505391,2.6290165530671863
2.2613219615761917,2.67639902676399
2.262142362351119,2.7237354085603114
2.266663236212139,2.7237354085603114
2.2686888046525624,2.7237354085603114
2.2691887827947594,2.7237354085603114
2.27214232087279,2.7237354085603114
2.2759386103551593,2.7710257656781723
2.2774864558819696,2.7710257656781723
2.2777401320325343,2.7710257656781723
2.2819974005026626,2.7710257656781723
2.28243726788952,2.7710257656781723
2.289105529453958,2.818270165208941
2.294327640873318,2.818270165208941
2.296861429656502,2.8654686741136475
2.298739973388307,2.8654686741136475
2.306382035805749,2.8654686741136475
2.3069898243739404,2.8654686741136475
2.3233963785609655,2.8654686741136475
2.3310251799503567,2.8654686741136475
2.3351882202531815,2.8654686741136475
2.3402154794849603,2.8654686741136475
2.3438607305271657,2.8654686741136475
2.3469909059115146,2.912621359223301
2.349032774430931,2.912621359223301
2.3539747940544338,2.959728287239204
2.3544687386068874,2.959728287239204
2.3561529669754138,3.0067895247332688
2.3698373564972486,3.0067895247332688
2.3708384477385485,3.0538051381483275
2.3716710246087676,3.0538051381483275
2.3727028962250185,3.0538051381483275
2.3773287991770515,3.0538051381483275
2.3789521352962337,3.10077519379845
2.382382451186915,3.10077519379845
2.3846615341463213,3.10077519379845
2.387223491427003,3.14769975786925
2.3875446605374586,3.1945788964181996
2.3932709122389575,3.1945788964181996
2.3941643884888744,3.1945788964181996
2.4051854065619147,3.1945788964181996
2.4098107005364358,3.1945788964181996
2.4180201712246596,3.24141267537494
2.4200930631103033,3.24141267537494
2.424454273751807,3.24141267537494
2.4258227012022826,3.2882011605415857
2.426289092832391,3.2882011605415857
2.4273378446123712,3.2882011605415857
2.432591190619392,3.2882011605415857
2.4371859731682197,3.2882011605415857
2.443587983145413,3.2882011605415857
2.444499251997253,3.2882011605415857
2.4461320320675703,3.2882011605415857
2.449360093816758,3.2882011605415857
2.4553463450906574,3.2882011605415857
2.4561262152276644,3.2882011605415857
2.456384122004567,3.2882011605415857
2.462486830155509,3.3349444175930403
2.4677553371042427,3.3349444175930403
2.4744845361808396,3.3349444175930403
2.4791956397520423,3.3349444175930403
2.487228379998129,3.3349444175930403
2.4931447268587172,3.3349444175930403
2.499539248952325,3.3816425120772946
2.5116118319861576,3.3816425120772946
2.5263820216160977,3.3816425120772946
2.530148265545457,3.3816425120772946
2.530391530983157,3.4282955094157415
2.532392290610196,3.4282955094157415
2.532932154916992,3.4282955094157415
2.5334154537815214,3.4282955094157415
2.5344878237230692,3.4282955094157415
2.5358554070731687,3.4282955094157415
2.536479138207164,3.474903474903475
2.537736433813784,3.474903474903475
2.5397443841210325,3.474903474903475
2.5479761767329894,3.474903474903475
2.548548062216772,3.474903474903475
2.5489590979153136,3.474903474903475
2.5532355030617215,3.5214664737095993
2.5566002607146783,3.5214664737095993
2.5626485568712383,3.5214664737095993
2.572509669306711,3.567984570877531
2.5798517501283205,3.567984570877531
2.5882969183222144,3.614457831325301
2.59460396971896,3.614457831325301
2.596643582733619,3.614457831325301
2.603488084057494,3.6608863198458574
2.6057648922189465,3.6608863198458574
2.618042085860001,3.6608863198458574
2.620966766955084,3.6608863198458574
2.6314512078641377,3.6608863198458574
2.6328936530063056,3.6608863198458574
2.635014175403296,3.6608863198458574
2.6466086029450318,3.6608863198458574
2.6486611304682666,3.6608863198458574
2.64913791197882,3.6608863198458574
2.6491454099652434,3.7072701011073663
2.6572371213535235,3.753609239653513
2.661346786740148,3.753609239653513
2.6655827936633845,3.753609239653513
2.666380216568639,3.7999037999037997
2.6674975413620596,3.7999037999037997
2.672742074121685,3.7999037999037997
2.6764487603819984,3.8461538461538463
2.678036565369764,3.8461538461538463
2.6799194501359485,3.8461538461538463
2.680172338413221,3.8461538461538463
2.6810420190471995,3.8461538461538463
2.6838193170100513,3.8461538461538463
2.6848625428501585,3.8923594425756844
2.6882242103228893,3.8923594425756844
2.6888188251755576,3.8923594425756844
2.688922198785366,3.8923594425756844
2.6893983508450967,3.8923594425756844
2.7008966807982815,3.8923594425756844
2.7026977635074436,3.9385206532180597
2.707244845460306,3.9385206532180597
2.7081807989801425,3.9385206532180597
2.7117196997031443,3.9385206532180597
2.7123512714208795,3.9385206532180597
2.7146057837785467,3.9385206532180597
2.7211547438984924,3.9385206532180597
2.7271770868806606,3.9385206532180597
2.7279146534215735,3.9846375420067215
2.7320961415008624,4.030710172744722
2.732679217828088,4.030710172744722
2.7343983397511353,4.07673860911271
2.738561247726041,4.1227229146692235
2.7388927516417443,4.1227229146692235
2.7401356854808356,4.168663152850982
2.743367038076547,4.168663152850982
2.7498696110484375,4.168663152850982
2.755448718444573,4.168663152850982
2.7555711135616456,4.21455938697318
2.7581650575754963,4.21455938697318
2.764095235396551,4.21455938697318
2.7655207053507653,4.21455938697318
2.767622953966795,4.21455938697318
2.769898304033235,4.21455938697318
2.7709038684786553,4.260411680229775
2.773343334100353,4.260411680229775
2.7748530297526766,4.260411680229775
2.7784145530417144,4.260411680229775
2.7806451238602445,4.260411680229775
2.7876487193353485,4.30622009569378
2.7918143901586636,4.30622009569378
2.7922750264741456,4.30622009569378
2.8013393650744685,4.30622009569378
2.802083364653284,4.30622009569378
2.8038755039341,4.30622009569378
2.8066525828022533,4.351984696317551
2.807580222732776,4.397705544933078
2.8170671763464035,4.4433827042522696
2.8295306704677183,4.4433827042522696
2.831645733184929,4.4433827042522696
2.832375263540376,4.48901623686724
2.845272983871951,4.534606205250596
2.8461072521127346,4.580152671755725
2.846561100401221,4.580152671755725
2.851145112694389,4.580152671755725
2.8520974441529976,4.625655698617072
2.8557664376250322,4.671115347950429
2.8567824121442458,4.671115347950429
2.8572198333427807,4.671115347950429
2.8593516282765603,4.671115347950429
2.8620759222384717,4.671115347950429
2.8638799788453464,4.7165316817532155
2.8674295874103386,4.7165316817532155
2.867959159660538,4.7165316817532155
2.8689352387134903,4.761904761904762
2.8767187821356894,4.761904761904762
2.8846489354215286,4.761904761904762
2.8854686120087116,4.761904761904762
2.8857218600159587,4.761904761904762
2.887303384635383,4.761904761904762
2.8879288424976726,4.761904761904762
2.888730355772275,4.8072346501665875
2.892147438875729,4.8072346501665875
2.895981011905699,4.8072346501665875
2.89976454747025,4.8072346501665875
2.8999043505526525,4.8072346501665875
2.9020077782762734,4.8072346501665875
2.9022444099840166,4.8072346501665875
2.9032223929598,4.8072346501665875
2.9053740276719053,4.8525214081826835
2.9107339218166963,4.8525214081826835
2.9140750718470048,4.8525214081826835
2.9161843162823957,4.897765097479791
2.9177683279828455,4.897765097479791
2.9231725654376697,4.897765097479791
2.9282493889048617,4.942965779467681
2.928794324346278,4.98812351543943
2.9307816908481636,4.98812351543943
2.9337139408926345,4.98812351543943
2.933780831317154,4.98812351543943
2.937172169542886,5.0332383665717
2.9402891975450376,5.0332383665717
2.9449792719680676,5.0332383665717
2.9467876343055934,5.0332383665717
2.9477064929983414,5.0332383665717
2.9515444311562677,5.0332383665717
2.9516349274872775,5.0332383665717
2.9532917601663424,5.0332383665717
2.9550004546585127,5.0332383665717
2.955052741289362,5.0332383665717
2.955614423860677,5.078310393925012
2.9570490324979124,5.078310393925012
2.9573935776769047,5.078310393925012
2.958108099464247,5.1233396584440225
2.9639775861060733,5.1233396584440225
2.9660869565294323,5.1233396584440225
2.9662323232056793,5.1233396584440225
2.9709638802319898,5.1683262209578
2.9717124940939357,5.1683262209578
2.974990244333547,5.1683262209578
2.977455542512235,5.213270142180095
2.98584747496615,5.213270142180095
2.9859596802403114,5.213270142180095
2.9861414448437666,5.213270142180095
2.988041844139201,5.258171482709616
2.9903580225907667,5.258171482709616
2.9910891706350724,5.258171482709616
2.992615366262815,5.258171482709616
2.9978071987004866,5.258171482709616
2.998448242885845,5.303030303030303
2.999089557939702,5.303030303030303
3.004067286374166,5.303030303030303
3.00550117654364,5.303030303030303
3.009771000106198,5.303030303030303
3.019322969007045,5.303030303030303
3.0200351247302066,5.303030303030303
3.022835288489464,5.347846663511595
3.0235511748568196,5.347846663511595
3.0253014541565353,5.347846663511595
3.026237376588468,5.347846663511595
3.0312490016140234,5.392620624408704
3.032659920612567,5.392620624408704
3.0329917665329478,5.392620624408704
3.033631423520036,5.392620624408704
3.034474831446868,5.392620624408704
3.035972975581852,5.392620624408704
3.0392560791361687,5.392620624408704
3.0413433759762665,5.392620624408704
3.0435829107011934,5.392620624408704
3.0447572158932203,5.392620624408704
3.049248326791046,5.392620624408704
3.050722293822241,5.392620624408704
3.0603628753258345,5.392620624408704
3.0643156543185897,5.4373522458628845
3.065320726891344,5.4373522458628845
3.0675496771293744,5.4373522458628845
3.0740395218285954,5.482041587901701
3.0757024821412466,5.526688710439301
3.083524414628908,5.571293673276676
3.084454576920602,5.571293673276676
3.0849240693451065,5.571293673276676
3.0852290064068297,5.615856536101934
3.085971509175815,5.615856536101934
3.0877874825088036,5.660377358490567
3.0939255325617476,5.660377358490567
3.0957149891371776,5.660377358490567
3.096205285038242,5.660377358490567
3.0990756891842794,5.704856199905705
3.099616221367054,5.704856199905705
3.103135571839992,5.704856199905705
3.1040923721434877,5.704856199905705
3.10659187417605,5.704856199905705
3.106839501125535,5.749293119698398
3.1083677268369216,5.749293119698398
3.10978049662265,5.749293119698398
3.114644982071609,5.749293119698398
3.1190884008604227,5.749293119698398
3.121674293060496,5.7936881771078665
3.123231665091303,5.83804143126177
3.129238417399415,5.83804143126177
3.1305183829788272,5.83804143126177
3.1323685140584403,5.83804143126177
3.140167634343667,5.83804143126177
3.142063693612615,5.88235294117647
3.1439561571018957,5.88235294117647
3.145247650980448,5.88235294117647
3.14569861392162,5.9266227657572905
3.146834741521876,5.970850963798777
3.1603037887356824,6.015037593984962
3.161096409715635,6.015037593984962
3.1615292834644193,6.015037593984962
3.164656005987577,6.059182714889619
3.1650135492020675,6.059182714889619
3.1729457388787146,6.059182714889619
3.1748914398092083,6.059182714889619
3.175766661714855,6.059182714889619
3.1781733023578735,6.059182714889619
3.1817123631657154,6.059182714889619
3.182028930718924,6.059182714889619
3.182438911121913,6.059182714889619
3.1824621015443015,6.059182714889619
3.18483327695451,6.103286384976526
3.1881901447678995,6.147348662599718
3.188410550973979,6.147348662599718
3.190039501636964,6.147348662599718
3.1967520323502945,6.191369606003752
3.2017950449620534,6.191369606003752
3.2026436523988284,6.191369606003752
3.2035943607532227,6.191369606003752
3.204697303514544,6.191369606003752
3.20762369319908,6.191369606003752
3.207653060141259,6.191369606003752
3.21070183874441,6.191369606003752
3.2136327840414927,6.191369606003752
3.219801539308468,6.191369606003752
3.2222160407004843,6.191369606003752
3.2222798107355253,6.191369606003752
3.2237056346468935,6.191369606003752
3.224322853298491,6.191369606003752
3.2251144871894653,6.191369606003752
3.227718041053861,6.235349273323957
3.228406564060804,6.235349273323957
3.232202189779952,6.235349273323957
3.2326278350475635,6.235349273323957
3.234858382551642,6.279287722586692
3.2348638617790244,6.279287722586692
3.235287315895268,6.279287722586692
3.237584550863828,6.279287722586692
3.2386900549372286,6.323185011709602
3.2457432758836364,6.323185011709602
3.248699942724551,6.323185011709602
3.2508240268171247,6.323185011709602
3.2524891333099317,6.323185011709602
3.2528081497782666,6.367041198501873
3.2531802608800997,6.367041198501873
3.256663450330533,6.410856340664482
3.257450959087376,6.410856340664482
3.2588917542930678,6.410856340664482
3.2671002140419447,6.410856340664482
3.2683434353020706,6.410856340664482
3.269621025452427,6.410856340664482
3.276343651181865,6.410856340664482
3.2905489597361743,6.410856340664482
3.295056648792907,6.454630495790459
3.295304211840853,6.454630495790459
3.29881123364385,6.454630495790459
3.3007842194114954,6.4983637213651235
3.301702565084848,6.4983637213651235
3.3045128988247487,6.5420560747663545
3.307376710944013,6.5420560747663545
3.3092836526367373,6.5420560747663545
3.3106628347081077,6.5420560747663545
3.3265210517005714,6.5420560747663545
3.327389338916977,6.585707613264829
3.3290181483475805,6.629318394024277
3.334407339765278,6.629318394024277
3.334956817461465,6.672888474101726
3.3353672306264643,6.672888474101726
3.3379644699092097,6.7164179104477615
3.33884431185582,6.75990675990676
3.33989198234656,6.75990675990676
3.343075396590999,6.75990675990676
3.344569354991625,6.803355079217148
3.344587148952296,6.803355079217148
3.3487496166064674,6.803355079217148
3.3500246448661093,6.846762925011644
3.351557810677995,6.890130353817504
3.353000228111361,6.890130353817504
3.3537640877561237,6.890130353817504
3.3537963811132814,6.890130353817504
3.3541243108940577,6.93345742205677
3.3573501861412205,6.976744186046512
3.360805415796925,7.0199907019990695
3.360888761763183,7.063197026022305
3.3641738555341756,7.106363214119833
3.373185466476453,7.106363214119833
3.3749996688247554,7.106363214119833
3.3756566682789226,7.106363214119833
3.3758344338965043,7.106363214119833
3.376414956533056,7.106363214119833
3.379705851226782,7.106363214119833
3.381533014984272,7.149489322191272
3.3838890475800114,7.149489322191272
3.386341905029564,7.149489322191272
3.3883190517068957,7.149489322191272
3.3922302138827094,7.149489322191272
3.394051556144779,7.149489322191272
3.3994698676614874,7.149489322191272
3.405135152763599,7.192575406032482
3.4057523837178025,7.192575406032482
3.4098747127350943,7.192575406032482
3.4099163435482844,7.235621521335807
3.4105395309964144,7.235621521335807
3.4122336207669077,7.235621521335807
3.413628445755416,7.235621521335807
3.4148767174487187,7.235621521335807
3.41678258592144,7.235621521335807
3.4170107057342958,7.2786277236903105
3.418863580817574,7.2786277236903105
3.4194565312854075,7.2786277236903105
3.4197693139015466,7.2786277236903105
3.424003790926215,7.2786277236903105
3.424162896131442,7.32159406858202
3.4244486663900378,7.32159406858202
3.424602196854567,7.3645206113941635
3.4256516027753823,7.4074074074074066
3.4276041862145408,7.4074074074074066
3.4289320520672946,7.4074074074074066
3.4350364548279306,7.4074074074074066
3.4399145273373875,7.4074074074074066
3.440229642024528,7.450254511800093
3.4426635863546378,7.493061979648474
3.4433864342121763,7.493061979648474
3.4434760128842563,7.493061979648474
3.4486021653000707,7.493061979648474
3.450264383184002,7.493061979648474
3.4503148051717836,7.535829865926953
3.4540521234023234,7.535829865926953
3.4564570664637935,7.578558225508318
3.4566093625853545,7.621247113163972
3.457736643155789,7.621247113163972
3.458453329668696,7.663896583564174
3.4616140793954355,7.706506691278264
3.46230545971728,7.7490774907749085
3.463694306880426,7.7490774907749085
3.46375877581599,7.7490774907749085
3.465394296749038,7.7490774907749085
3.46622534414723,7.7490774907749085
3.4677977286031525,7.7490774907749085
3.470861258952403,7.7490774907749085
3.472075321848934,7.7490774907749085
3.4772902418570597,7.7490774907749085
3.478839446692644,7.791609036422314
3.4844303522921938,7.791609036422314
3.4849623578577122,7.791609036422314
3.487899862533059,7.791609036422314
3.494448523938349,7.834101382488479
3.502288526941828,7.834101382488479
3.5026492270994556,7.876554583141409
3.5028731490585376,7.918968692449356
3.503199327184625,7.9613437643810405
3.5043064768304886,8.003679852805888
3.5048701796812387,8.003679852805888
3.505362053034855,8.045977011494253
3.5089277009693487,8.045977011494253
3.5116471473888384,8.088235294117647
3.515939459202273,8.088235294117647
3.517220654801567,8.130454754248968
3.517961771848331,8.172635445362717
3.5181247010349326,8.172635445362717
3.519950673505587,8.172635445362717
3.5208207739822797,8.172635445362717
3.529104619174775,8.172635445362717
3.5330651194661593,8.214777420835246
3.5335173323170097,8.256880733944955
3.5337854491997884,8.298945437872536
3.5357485184694903,8.298945437872536
3.536263883451069,8.340971585701192
3.5378338681357344,8.340971585701192
3.537986368752912,8.340971585701192
3.5392775518847617,8.382959230416857
3.5402522004330774,8.424908424908425
3.542934155846886,8.466819221967963
3.5441519499036382,8.466819221967963
3.545782263888372,8.466819221967963
3.5482575636668594,8.466819221967963
3.5515040609922512,8.466819221967963
3.552735185130164,8.466819221967963
3.553117757875969,8.466819221967963
3.5532227947953254,8.466819221967963
3.553525812024309,8.508691674290942
3.5556651048636243,8.550525834476453
3.557456687613758,8.592321755027422
3.557939643058047,8.592321755027422
3.5597867203615667,8.592321755027422
3.5615120541427956,8.592321755027422
3.5651954900407348,8.634079488350844
3.566148373445065,8.67579908675799
3.5679742450676577,8.67579908675799
3.570579786617199,8.67579908675799
3.5712051506990816,8.717480602464628
3.571753000577172,8.717480602464628
3.5739121359048176,8.717480602464628
3.576732546825939,8.75912408759124
3.5787821802653292,8.75912408759124
3.580367254968347,8.75912408759124
3.5803799914753314,8.75912408759124
3.5810787404355215,8.75912408759124
3.581286644369296,8.75912408759124
3.5830509243463116,8.75912408759124
3.5837272639337074,8.75912408759124
3.587250357928365,8.800729594163247
3.589676805125079,8.800729594163247
3.5903967023820935,8.800729594163247
3.5907040680639946,8.842297174111211
3.5952830866098973,8.88382687927107
3.5966006636825925,8.88382687927107
3.600723472196242,8.925318761384334
3.602163534756714,8.966772872098316
3.603573218701422,9.008189262966333
3.6043771985104573,9.008189262966333
3.6067128372141015,9.008189262966333
3.6067611064824683,9.008189262966333
3.608315205012566,9.049567985447931
3.613686736790556,9.049567985447931
3.620154271613848,9.049567985447931
3.6256311706009523,9.090909090909092
3.6267377284500206,9.090909090909092
3.6270882448697144,9.132212630622444
3.628288908515529,9.132212630622444
3.638391808626724,9.132212630622444
3.6384870876614053,9.132212630622444
3.645343579652149,9.173478655767484
3.6462261133939426,9.214707217430776
3.6547086593399754,9.214707217430776
3.6567610652101363,9.25589836660617
3.6604030180342426,9.25589836660617
3.661487866864119,9.297052154195011
3.662766833012358,9.297052154195011
3.662810410870093,9.297052154195011
3.6628390132150455,9.297052154195011
3.6638655374953384,9.338168631006347
3.6645217058244195,9.338168631006347
3.6654154322902497,9.379247847757137
3.669249914052156,9.420289855072465
3.6761694227935338,9.420289855072465
3.6789210972897317,9.420289855072465
3.682940722932414,9.46129470348574
3.683564724464501,9.46129470348574
3.693535231029306,9.46129470348574
3.694619553518009,9.46129470348574
3.695840823610048,9.46129470348574
3.697180690640533,9.502262443438914
3.6981575627118897,9.543193125282677
3.6993359497065645,9.584086799276673
3.7012420068910474,9.584086799276673
3.701631716311794,9.584086799276673
3.702131218107892,9.584086799276673
3.7054357912720555,9.584086799276673
3.707564945070825,9.584086799276673
3.7094376862919876,9.624943515589697
3.709606153366174,9.624943515589697
3.7115419713471973,9.624943515589697
3.712201499037375,9.66576332429991
3.7152159698962057,9.66576332429991
3.7154517771939424,9.706546275395034
3.7162841356694085,9.747292418772563
3.719851233668755,9.747292418772563
3.7217376275830927,9.788001804239963
3.7218641331640394,9.828674481514877
3.7237423073387035,9.828674481514877
3.7238157837412547,9.828674481514877
3.7256392710387503,9.828674481514877
3.7262350374291913,9.828674481514877
3.726541533882093,9.869310500225327
3.727364267600503,9.869310500225327
3.728363204176088,9.869310500225327
3.7298769305891755,9.90990990990991
3.7299872636737756,9.95047276001801
3.73032834814925,9.99099909990999
3.730395986851091,9.99099909990999
3.7353113378418468,9.99099909990999
3.7450730572446687,9.99099909990999
3.7480705339684253,10.0314889788574
3.751140039368504,10.071942446043165
3.7546828360156805,10.071942446043165
3.7563664898781366,10.071942446043165
3.756928980976772,10.071942446043165
3.7572396330991102,10.071942446043165
3.757425959595057,10.071942446043165
3.759764788653409,10.071942446043165
3.7646241393774047,10.071942446043165
3.768031719292289,10.112359550561797
3.7694280827898137,10.112359550561797
3.7714294098912093,10.152740341419586
3.7757990075106966,10.152740341419586
3.778875260752959,10.1930848675348
3.7788907362433615,10.1930848675348
3.780233711772957,10.1930848675348
3.7817607861051523,10.23339317773788
3.7827676634490293,10.273665320771647
3.7872420733207917,10.273665320771647
3.7881920016185426,10.273665320771647
3.7955744206856763,10.273665320771647
3.7958918843881033,10.31390134529148
3.796829239742414,10.31390134529148
3.801519081878706,10.31390134529148
3.802327449846243,10.354101299865532
3.804608098989719,10.39426523297491
3.808475913289926,10.39426523297491
3.809734972636684,10.39426523297491
3.8101575334250373,10.39426523297491
3.8115530816945618,10.39426523297491
3.81727525221045,10.39426523297491
3.8213618046231295,10.434393193013882
3.8214480236288537,10.434393193013882
3.8254116139022742,10.474485228290064
3.8257345847704025,10.474485228290064
3.828908270499206,10.474485228290064
3.829586805064259,10.51454138702461
3.831158521864124,10.554561717352415
3.8343044413730385,10.594546267322306
3.836034726364369,10.63449508489723
3.8366513589176487,10.63449508489723
3.8368696679421457,10.674408217954444
3.8371073722519524,10.674408217954444
3.837309173066963,10.674408217954444
3.8383506233139877,10.674408217954444
3.839659727772867,10.714285714285714
3.8469461064824735,10.754127621597501
3.8486646823095385,10.754127621597501
3.8503315655878696,10.793933987511151
3.850417521261029,10.793933987511151
3.8513138920487777,10.833704859563085
3.8526891132897885,10.833704859563085
3.8536919308969573,10.87344028520499
3.853852142487579,10.87344028520499
3.8597519715471673,10.913140311804009
3.8614287962545855,10.95280498664292
3.863391204527743,10.95280498664292
3.8661257668350713,10.95280498664292
3.872467494366697,10.992434356920338
3.8731398613217483,11.032028469750891
3.875390754643075,11.032028469750891
3.8774308010559144,11.032028469750891
3.8786489061545244,11.032028469750891
3.880076164920469,11.071587372165407
3.880429496997764,11.071587372165407
3.8835028046148823,11.071587372165407
3.8838340978990686,11.071587372165407
3.8868560718106338,11.071587372165407
3.886973142059806,11.11111111111111
3.8883173923011842,11.11111111111111
3.889083797367101,11.150599733451799
3.892480045482144,11.150599733451799
3.8936550454843757,11.150599733451799
3.895956211002152,11.150599733451799
3.8962118061536146,11.190053285968029
3.896889588681003,11.229471815357302
3.8995011937108415,11.229471815357302
3.89981781964598,11.26885536823425
3.9054646483458697,11.26885536823425
3.9084495380653306,11.30820399113082
3.9093536762170835,11.30820399113082
3.911052236527516,11.30820399113082
3.9125308308024223,11.30820399113082
3.9127632391765914,11.347517730496454
3.9139118195830895,11.347517730496454
3.9139339851337334,11.347517730496454
3.9139560466077703,11.347517730496454
3.9159005085107674,11.347517730496454
3.9171426912191527,11.347517730496454
3.918703293033709,11.347517730496454
3.9187522917460695,11.386796632698273
3.9208214288175696,11.386796632698273
3.9214223332710527,11.386796632698273
3.9217475173601595,11.426040744021257
3.9241683727319203,11.426040744021257
3.9243172034610665,11.426040744021257
3.924535260852674,11.426040744021257
3.9348135181792014,11.465250110668437
3.935344772228906,11.465250110668437
3.9357757154276567,11.465250110668437
3.9360799132453774,11.504424778761061
3.93661525867635,11.504424778761061
3.9373605395013462,11.504424778761061
3.937499261779799,11.504424778761061
3.9375154742168514,11.504424778761061
3.9439103027296993,11.504424778761061
3.943980322116616,11.543564794338788
3.944562577673558,11.543564794338788
3.948165990278194,11.543564794338788
3.949066286808248,11.543564794338788
3.9491366821880822,11.543564794338788
3.950975962573271,11.582670203359859
3.951199990028604,11.582670203359859
3.953726117789868,11.621741051701282
3.957960525997678,11.66077738515901
3.95905953163649,11.66077738515901
3.9616162634712406,11.66077738515901
3.9632136906365982,11.66077738515901
3.9653103966490497,11.699779249448124
3.9661481402721854,11.738746690203
3.9669521451298673,11.777679752977503
3.96728640758565,11.777679752977503
3.9697145678671184,11.816578483245149
3.9704178751803383,11.816578483245149
3.9723550975931055,11.816578483245149
3.9734972334128624,11.855442926399295
3.9735375150809755,11.894273127753303
3.9763725617732493,11.894273127753303
3.977010529529573,11.894273127753303
3.9773468749364866,11.894273127753303
3.9775600394300126,11.933069132540732
3.9794488378980044,11.933069132540732
3.979705688266444,11.933069132540732
3.980913085382607,11.971830985915492
3.9818249506147807,11.971830985915492
3.982594945582191,12.010558732952045
3.9834067513816875,12.049252418645558
3.9838343023196487,12.049252418645558
3.985467560602796,12.049252418645558
3.986671770110329,12.049252418645558
3.9869934781519345,12.049252418645558
3.9903444593827966,12.087912087912088
3.9938506467918895,12.087912087912088
3.9952753163226817,12.087912087912088
3.9972458722208173,12.087912087912088
4.002356169923572,12.087912087912088
4.00292218300134,12.126537785588752
4.006287886631834,12.126537785588752
4.012262612690417,12.126537785588752
4.013887976042583,12.165129556433904
4.015191697209173,12.203687445127304
4.018731062713919,12.242211496270293
4.020997774913267,12.242211496270293
4.02245720503285,12.280701754385964
4.022644263758165,12.280701754385964
4.022696463451461,12.319158263919332
4.029402590808027,12.357581069237511
4.029672949029029,12.395970214629873
4.03464839577549,12.395970214629873
4.038416070557376,12.43432574430823
4.038561296062756,12.43432574430823
4.042345652377447,12.43432574430823
4.042491622210238,12.43432574430823
4.04657322787155,12.43432574430823
4.047237216899009,12.43432574430823
4.0474679615765,12.43432574430823
4.050984707163186,12.43432574430823
4.052586954848723,12.472647702407002
4.053127920909596,12.510936132983378
4.05419632551015,12.510936132983378
4.057730600971054,12.510936132983378
4.058434647602272,12.510936132983378
4.061196234771774,12.549191080017492
4.064397587213969,12.549191080017492
4.065291886925514,12.549191080017492
4.066458413775626,12.549191080017492
4.067711591453743,12.549191080017492
4.069024325315238,12.587412587412588
4.070131713202954,12.587412587412588
4.07128383375006,12.587412587412588
4.07163884147473,12.587412587412588
4.072459219192248,12.587412587412588
4.073225869026358,12.587412587412588
4.073828917791489,12.625600698995196
4.081604814966269,12.663755458515283
4.082632454191954,12.701876909646442
4.08272859316383,12.739965095986038
4.083258184565353,12.778020061055386
4.084526848391515,12.778020061055386
4.0858890212631875,12.816041848299914
4.086570163592878,12.854030501089325
4.086712060112415,12.89198606271777
4.0879625690031025,12.929908576404006
4.0896675585521685,12.929908576404006
4.092704996360497,12.929908576404006
4.097618020079018,12.967798085291557
4.098383161108711,13.00565463244889
4.0985789975907725,13.00565463244889
4.100639631890399,13.00565463244889
4.100680679918394,13.043478260869565
4.104729820846576,13.081269013472404
4.105515378532564,13.119026933101651
4.108993344444699,13.156752062527138
4.10955229133283,13.194444444444445
4.109974487558932,13.232104121475055
4.111919007951386,13.232104121475055
4.113297209347434,13.232104121475055
4.113577996030688,13.232104121475055
4.114529455943754,13.269731136166522
4.1169665687256405,13.307325530992632
4.117172152474318,13.307325530992632
4.117615406398373,13.307325530992632
4.11960839161576,13.344887348353554
4.121590550862425,13.382416630576008
4.121894895861894,13.41991341991342
4.125397946710634,13.457377758546086
4.1258367642516465,13.494809688581316
4.125984702539469,13.494809688581316
4.128171354772994,13.53220925205361
4.131914548367396,13.569576490924806
4.133290105555326,13.606911447084233
4.134961003053042,13.606911447084233
4.135253358823569,13.644214162348877
4.136755270245635,13.644214162348877
4.137147324630806,13.68148467846353
4.137652985279406,13.718723037100949
4.137873728960804,13.718723037100949
4.141544578500622,13.718723037100949
4.141711792362423,13.718723037100949
4.14188051839154,13.75592927986201
4.146904168642357,13.75592927986201
4.148458989197935,13.75592927986201
4.149167093166376,13.793103448275861
4.149969622266303,13.793103448275861
4.150374741424846,13.793103448275861
4.151105773776877,13.830245583800085
4.151519520891063,13.830245583800085
4.1515538420967495,13.867355727820843
4.153454605741145,13.867355727820843
4.153696426440349,13.867355727820843
4.155376218284335,13.904433921653034
4.156946248410099,13.904433921653034
4.157432651895866,13.904433921653034
4.159173202437308,13.941480206540447
4.15939706661892,13.941480206540447
4.159974246229208,13.978494623655912
4.1608063119317125,14.015477214101463
4.161222676079561,14.015477214101463
4.164983979870737,14.015477214101463
4.165458303932258,14.052428018908467
4.16759414453828,14.0893470790378
4.1761741565316735,14.126234435379992
4.176904600685229,14.163090128755366
4.177298257089698,14.163090128755366
4.1778492963698675,14.163090128755366
4.178200189318976,14.199914199914199
4.179525847555695,14.236706689536879
4.180414342571749,14.236706689536879
4.182801653480534,14.273467638234033
4.183423896555443,14.3101970865467
4.188798073224229,14.3101970865467
4.189501562389074,14.3101970865467
4.1900580986705105,14.3101970865467
4.191108604504723,14.346895074946467
4.192939917820047,14.383561643835616
4.193101779874656,14.383561643835616
4.201758565336749,14.420196833547283
4.202584118955412,14.420196833547283
4.202709877893934,14.420196833547283
4.203502383978039,14.456800684345595
4.208601300766147,14.493373236425821
4.209073037909181,14.493373236425821
4.210331089605739,14.529914529914532
4.2106662841617615,14.566424604869713
4.211068468308629,14.602903501280956
4.211964978675881,14.602903501280956
4.215099704013015,14.639351259069569
4.216496115613799,14.639351259069569
4.216633650234908,14.675767918088736
4.220847197649183,14.675767918088736
4.222259630601061,14.675767918088736
4.222315558500315,14.712153518123666
4.231273284356291,14.74850809889173
4.23302947412974,14.784831700042607
4.237919500910936,14.784831700042607
4.2399001248960175,14.821124361158432
4.2408463404840075,14.857386121753938
4.2411444367428786,14.893617021276595
4.245381692631907,14.929817099106762
4.245704637919538,14.929817099106762
4.246212556837332,14.965986394557824
4.248484144692926,14.965986394557824
4.2491400534376,15.002124946876327
4.249247462045095,15.03823279524214
4.249287059099763,15.074309978768577
4.253159262081797,15.074309978768577
4.255112823409508,15.074309978768577
4.256382395133986,15.110356536502549
4.2573251367288085,15.110356536502549
4.261003243055162,15.110356536502549
4.261911200344014,15.110356536502549
4.270183833290607,15.110356536502549
4.271865430947938,15.110356536502549
4.272487477186339,15.146372507424694
4.277860404362613,15.146372507424694
4.278512564906843,15.146372507424694
4.279013710098195,15.182357930449534
4.279948370852624,15.218312844425604
4.280587574414709,15.218312844425604
4.28310718534253,15.218312844425604
4.285871444226045,15.254237288135593
4.286609354218219,15.290131300296483
4.287957906225639,15.290131300296483
4.288747599726095,15.290131300296483
4.288883568477481,15.325994919559696
4.289972842631397,15.361828184511214
4.29075678847222,15.361828184511214
4.292210689550357,15.397631133671744
4.292595268701712,15.397631133671744
4.294221711055692,15.397631133671744
4.295762383614271,15.397631133671744
4.29833520030773,15.433403805496829
4.2985198497433,15.433403805496829
4.299232647444955,15.469146238377007
4.300500939965792,15.504858470637938
4.301360531990487,15.54054054054054
4.30143086368005,15.576192486281132
4.302618685481831,15.576192486281132
4.303795939061774,15.576192486281132
4.30415635720302,15.576192486281132
4.308202148937974,15.576192486281132
4.308881233025094,15.611814345991561
4.312754247181307,15.611814345991561
4.313963943302553,15.611814345991561
4.315710626814192,15.611814345991561
4.316745266350763,15.647406157739349
4.3171315645858535,15.682967959527824
4.318283334641395,15.718499789296251
4.320930499506716,15.718499789296251
4.32148043848443,15.754001684919967
4.321577917508902,15.789473684210526
4.322241900410132,15.789473684210526
4.32259031740847,15.824915824915825
4.324610275088741,15.824915824915825
4.326351529223674,15.824915824915825
4.3284291545993705,15.824915824915825
4.33074459018686,15.824915824915825
4.331632289975371,15.860328144720235
4.332223224900036,15.860328144720235
4.333268269771845,15.860328144720235
4.333915021208109,15.860328144720235
4.335561305828474,15.895710681244744
4.33810184918618,15.931063472047077
4.33826866069638,15.931063472047077
4.33897758087203,15.931063472047077
4.339731898339472,15.966386554621847
4.339762212628675,16.001679966400673
4.34083219274914,16.001679966400673
4.343383131448826,16.001679966400673
4.344139967160853,16.001679966400673
4.344246150180892,16.001679966400673
4.344506804586139,16.001679966400673
4.345985234327282,16.001679966400673
4.348915731044407,16.001679966400673
4.349559847745941,16.001679966400673
4.351355452812599,16.036943744752307
4.3521873015780415,16.036943744752307
4.353415412160406,16.036943744752307
4.356907058390406,16.072177926982796
4.357174195405549,16.072177926982796
4.358147154800093,16.072177926982796
4.35974294912328,16.072177926982796
4.360202133729469,16.072177926982796
4.360904567463939,16.072177926982796
4.3626643652585715,16.10738255033557
4.363909217944704,16.10738255033557
4.3657539154882805,16.142557651991616
4.372697715137712,16.142557651991616
4.373746439815592,16.142557651991616
4.374210009020897,16.142557651991616
4.374793414605878,16.142557651991616
4.37522848367582,16.142557651991616
4.37550976101936,16.177703269069575
4.376242130521647,16.21281943862589
4.3778953963046074,16.21281943862589
4.382481920833267,16.21281943862589
4.382713875290374,16.24790619765494
4.384333549746975,16.282963583089156
4.384352715076005,16.282963583089156
4.3870148419049,16.317991631799163
4.388977231943827,16.317991631799163
4.3919969090705395,16.352990380593894
4.392732335789338,16.352990380593894
4.392934698779676,16.387959866220736
4.3957785927516815,16.387959866220736
4.397833812064319,16.387959866220736
4.399727782999739,16.387959866220736
4.401514899670361,16.387959866220736
4.401579462281056,16.387959866220736
4.401913129346359,16.387959866220736
4.40352794892822,16.42290012536565
4.403725470318272,16.42290012536565
4.408379127384134,16.4578111946533
4.409216335176658,16.49269311064718
4.409810346682729,16.52754590984975
4.410411217506957,16.52754590984975
4.417580120467865,16.562369628702545
4.418993783901371,16.59716430358632
4.42031864048671,16.631929970821176
4.422606107797851,16.631929970821176
4.423925268756497,16.631929970821176
4.425062678317401,16.631929970821176
4.4263458711633135,16.631929970821176
4.426559410334031,16.666666666666664
4.428597743589519,16.666666666666664
4.430354042470415,16.701374427321948
4.433373859209324,16.736053288925895
4.433930090950114,16.77070328755722
4.4366944796858645,16.77070328755722
4.4371942558423445,16.80532445923461
4.438194722060652,16.839916839916842
4.440245498812214,16.839916839916842
4.441505945394618,16.87448046550291
4.443919253519695,16.909015371832155
4.443943565931936,16.943521594684384
4.443961595129615,16.943521594684384
4.444138446989376,16.943521594684384
4.444303985659513,16.943521594684384
4.4456858404406585,16.943521594684384
4.448167688865824,16.97799916977999
4.448779288393536,17.012448132780083
4.449166398880432,17.046868519286605
4.449721858546362,17.046868519286605
4.44983344289073,17.046868519286605
4.458123594931439,17.081260364842453
4.459044117012394,17.081260364842453
4.460231683274257,17.081260364842453
4.4616037791494625,17.081260364842453
4.465559046602776,17.11562370493162
4.4661295558072585,17.149958574979287
4.466615902200648,17.184265010351968
4.467580781863065,17.184265010351968
4.468225784767307,17.218543046357617
4.468605350773143,17.218543046357617
4.4706781806532545,17.25279271824576
4.470801952584568,17.28701406120761
4.472986998258604,17.28701406120761
4.475627043066701,17.28701406120761
4.478890315001497,17.32120711037619
4.47911919800058,17.355371900826448
4.4791708274771205,17.389508467575382
4.48342255975533,17.389508467575382
4.483601557935066,17.389508467575382
4.485671075614161,17.423616845582163
4.486422902598154,17.423616845582163
4.48682411752103,17.457697069748246
4.487031280334685,17.491749174917494
4.488333416371315,17.525773195876287
4.490937309887446,17.525773195876287
4.492346868134217,17.55976916735367
4.492686530696182,17.593737124021423
4.493007104945674,17.627677100494235
4.494413468436239,17.661589131329766
4.494829410916609,17.695473251028808
4.5012015026872705,17.729329494035376
4.50201998926077,17.763157894736842
4.506601128590718,17.79695848746404
4.506978868598849,17.830731306491373
4.5086763878709935,17.864476386036962
4.509161139737738,17.898193760262725
4.509169363500646,17.898193760262725
4.513736292658904,17.931883463274517
4.518443370702445,17.96554552912223
4.518532350256088,17.96554552912223
4.519301862945832,17.99917999179992
4.520212140228044,18.0327868852459
4.521083768653606,18.0327868852459
4.522713746503164,18.0327868852459
4.52615425677436,18.066366243342895
4.530466851405782,18.0999180999181
4.530774169773066,18.0999180999181
4.532044952607466,18.13344248874335
4.534784676158995,18.16693944353519
4.535209228208942,18.16693944353519
4.535429676460138,18.200408997955012
4.536685603154279,18.233851185609158
4.5371724983419615,18.26726604004904
4.539032962479092,18.30065359477124
4.54105539810259,18.33401388321764
4.541974466729814,18.33401388321764
4.542198740511254,18.33401388321764
4.542316298363598,18.33401388321764
4.543190484474196,18.33401388321764
4.543968284493297,18.367346938775512
4.544857674580447,18.367346938775512
4.545027753686814,18.400652794777642
4.54587166579105,18.400652794777642
4.546863084396111,18.43393148450245
4.5470008553400305,18.43393148450245
4.547130197236816,18.467183041174074
4.549472436255826,18.50040749796251
4.549866258918551,18.50040749796251
4.55064306321267,18.50040749796251
4.55297814116951,18.533604887983707
4.553977952406058,18.566775244299674
4.5627627177122605,18.566775244299674
4.563191636058331,18.566775244299674
4.567576051403462,18.566775244299674
4.56773516152169,18.5999185999186
4.567865094181619,18.633034987794954
4.5679751292828135,18.666124440829606
4.569018278999169,18.666124440829606
4.570343495430032,18.69918699186992
4.571672861191451,18.732222673709874
4.5723870116494725,18.732222673709874
4.573041208415078,18.732222673709874
4.573151721469038,18.765231519090168
4.57324278415415,18.798213560698336
4.573804694093564,18.83116883116883
4.574848815574224,18.83116883116883
4.576608950614317,18.864097363083165
4.578061662146499,18.864097363083165
4.580813238499986,18.896999188969993
4.581348082610647,18.896999188969993
4.583426248452357,18.92987434130523
4.583875453179364,18.962722852512158
4.584059553753611,18.995544754961525
4.585219473018298,19.02834008097166
4.58621562553928,19.061108862808577
4.590063255745206,19.093851132686083
4.59071103223695,19.093851132686083
4.593019910809676,19.12656692276587
4.594633586614348,19.15925626515764
4.595851855944576,19.15925626515764
4.5960940061269335,19.19191919191919
4.596373801075584,19.22455573505654
4.597724567041601,19.25716592652402
4.5978499003998685,19.25716592652402
4.599628557115996,19.289749798224374
4.601268681552975,19.289749798224374
4.607375481904059,19.322307382008873
4.60994857142134,19.322307382008873
4.611335776141902,19.322307382008873
4.612474512504489,19.322307382008873
4.613047965686991,19.322307382008873
4.613602325978643,19.35483870967742
4.614470926121195,19.35483870967742
4.615330686294298,19.38734381297864
4.615667081815773,19.419822723609993
4.617356116375267,19.45227547321788
4.617408731844051,19.45227547321788
4.617866233122106,19.45227547321788
4.620686569417499,19.45227547321788
4.6215540800366774,19.484702093397747
4.622352005365733,19.517102615694164
4.623211398045525,19.517102615694164
4.627713762128599,19.549477071600965
4.630354932425772,19.549477071600965
4.630723249275687,19.581825492561318
4.632214268594053,19.581825492561318
4.633129561358003,19.614147909967848
4.633376418540014,19.614147909967848
4.636041347887465,19.646444355162714
4.637458067256242,19.67871485943775
4.638155672393984,19.710959454034523
4.6395990923013235,19.710959454034523
4.643804231557227,19.743178170144464
4.646215045277747,19.775371038908947
4.648468554637328,19.807538091419406
4.650215450510622,19.807538091419406
4.650937178810101,19.839679358717436
4.651176225644148,19.839679358717436
4.651351541463996,19.839679358717436
4.652532481410852,19.871794871794872
4.654491381858337,19.871794871794872
4.65554057898613,19.903884661593914
4.656291454996707,19.903884661593914
4.657281944330627,19.903884661593914
4.657819123044568,19.935948759007204
4.658875398050973,19.96798719487795
4.660778844718535,20.0
4.66081917527789,20.03198720511795
4.664210858106525,20.06394884092726
4.664705349466274,20.09588493807431
4.665563766681383,20.12779552715655
4.667102624554855,20.159680638722556
4.667733497236534,20.159680638722556
4.667906680872489,20.191540303272145
4.668590610324628,20.191540303272145
4.669140609978277,20.22337455125648
4.669680261395661,20.22337455125648
4.671341367039979,20.25518341307815
4.674663037235369,20.25518341307815
4.674684126047276,20.28696691909127
4.676229694428889,20.318725099601593
4.677285190807144,20.318725099601593
4.678105883456976,20.350457984866587
4.67982880315305,20.382165605095544
4.679963857439564,20.413847990449664
4.682331726493596,20.445505171042164
4.684038592863818,20.47713717693837
4.686879178722574,20.5087440381558
4.690167184902386,20.540325784664283
4.690208371414012,20.540325784664283
4.6902204938074465,20.57188244638602
4.690240756841396,20.57188244638602
4.690407119919308,20.57188244638602
4.692167341327511,20.603414053195714
4.6931851914629705,20.634920634920633
4.700075810966354,20.66640222134074
4.700319448213615,20.697858842188737
4.703158740873141,20.72929052715022
4.704219666160251,20.760697305863708
4.704488557098679,20.760697305863708
4.7046229749691975,20.792079207920793
4.705572205334465,20.823436262866192
4.707360100796995,20.823436262866192
4.708737076272254,20.854768500197864
4.710039459293359,20.854768500197864
4.710618281769821,20.854768500197864
4.71238882100342,20.854768500197864
4.718417868510125,20.854768500197864
4.721101129048634,20.88607594936709
4.721153055573608,20.91735863977857
4.721284694139892,20.91735863977857
4.722112917406094,20.91735863977857
4.7266677431198225,20.91735863977857
4.726964974085724,20.948616600790515
4.727301315410597,20.979849861714737
4.730050170284613,21.011058451816748
4.7315637098277294,21.042242400315832
4.734566396450957,21.042242400315832
4.734990979374304,21.07340173638516
4.735545882201825,21.07340173638516
4.735556953134874,21.104536489151872
4.736259842406039,21.13564668769716
4.737187798795768,21.166732361056365
4.739703068184855,21.19779353821907
4.7444510477868,21.19779353821907
4.744885162623937,21.228830248129185
4.744900600986691,21.25984251968504
4.746334415531442,21.29083038173947
4.7465280147235385,21.321793863099924
4.749812985403127,21.35273299252851
4.750204984383472,21.38364779874214
4.750937014133624,21.414538310412574
4.751241532018192,21.414538310412574
4.751417696746607,21.414538310412574
4.751526211124468,21.414538310412574
4.752212227065407,21.414538310412574
4.753423394910678,21.445404556166537
4.753886045406289,21.445404556166537
4.755467748183825,21.47624656458579
4.757045566578072,21.50706436420722
4.759566939212744,21.50706436420722
4.760358828770991,21.53785798352295
4.760693591225125,21.568627450980394
4.761038962371754,21.59937279498236
4.761364295803308,21.630094043887148
4.761977843162185,21.660791226008616
4.762487963635763,21.69146436961629
4.763223144038368,21.722113502935418
4.763883721985427,21.752738654147105
4.764576019349052,21.783339851388344
4.764663307097305,21.813917122752148
4.765363348940218,21.813917122752148
4.767657761418856,21.844470496287613
4.7678037265730575,21.875
4.768905279206046,21.90550566185084
4.769442458914782,21.90550566185084
4.772129634808543,21.935987509758
4.773415285690933,21.935987509758
4.773543899912092,21.966445571595784
4.775527023824672,21.996879875195006
4.776551233111346,22.027290448343077
4.778032562034153,22.0576773187841
4.7784424663082605,22.08804051421893
4.778593825329988,22.118380062305295
4.780253761880858,22.118380062305295
4.782035516144934,22.148695990657842
4.783993034270892,22.17898832684825
4.784670313896947,22.17898832684825
4.785953338610109,22.17898832684825
4.786653623996084,22.20925709840529
4.787673181494827,22.20925709840529
4.787754632816109,22.20925709840529
4.7880810416195745,22.20925709840529
4.7885995325718875,22.20925709840529
4.788894496856485,22.23950233281493
4.789902013781952,22.269724057520403
4.790043306070968,22.2999222999223
4.790682228993984,22.330097087378643
4.792804290243182,22.36024844720497
4.795824691285477,22.390376406674427
4.796911541538877,22.420480993017843
4.798025363094157,22.450562233423806
4.799928429254705,22.48062015503876
4.8000095367956686,22.48062015503876
4.800118069407652,22.510654784967066
4.802538933022045,22.540666150271107
4.80263777875671,22.540666150271107
4.808945200002392,22.57065427797135
4.809613212255368,22.57065427797135
4.81105992428738,22.60061919504644
4.811389683938291,22.60061919504644
4.81302927563144,22.60061919504644
4.81450816809836,22.63056092843327
4.81546530631502,22.63056092843327
4.816911648524674,22.63056092843327
4.818853547052475,22.66047950502707
4.819609938944302,22.690374951681484
4.821846262591946,22.720247295208658
4.822776433260054,22.720247295208658
4.823542770944609,22.750096562379298
4.824243289757005,22.779922779922778
4.825142597091374,22.779922779922778
4.826962377167094,22.779922779922778
4.827599596560938,22.809725974527208
4.828641961879968,22.839506172839506
4.828703859830638,22.839506172839506
4.8323533522736515,22.869263401465485
4.832389884122423,22.869263401465485
4.83271239506071,22.89899768696993
4.836107838489881,22.89899768696993
4.838130475931516,22.928709055876688
4.841816192393115,22.95839753466872
4.844292171298325,22.95839753466872
4.845710333447071,22.988063149788218
4.846766887743445,23.017705927636644
4.847750271572461,23.017705927636644
4.85076680736754,23.017705927636644
4.852956806162791,23.047325894574836
4.856132045323758,23.076923076923077
4.858008648880607,23.076923076923077
4.860400008649587,23.10649750096117
4.861689977505583,23.136049192928517
4.862413900469952,23.136049192928517
4.863093206472255,23.1655781790242
4.864074306396139,23.195084485407065
4.864848049586512,23.224568138195778
4.8652799745613535,23.254029163468918
4.86552835455191,23.283467587265054
4.865612857672455,23.283467587265054
4.8666501609325135,23.283467587265054
4.86710814273194,23.31288343558282
4.867940783030377,23.34227673438099
4.8680043098066115,23.371647509578544
4.868812316822253,23.371647509578544
4.868947897388923,23.371647509578544
4.871786794682677,23.371647509578544
4.872832358670242,23.400995787054768
4.8734393477736635,23.43032159264931
4.875018187141094,23.459624952162265
4.876613983567024,23.488905891354246
4.877378631002797,23.518164435946463
4.878631401690283,23.547400611620795
4.879809669978736,23.547400611620795
4.880650307676991,23.547400611620795
4.8807231579762185,23.547400611620795
4.880979095952806,23.547400611620795
4.882475716923462,23.57661444401987
4.8834430665182165,23.605805958747137
4.88394262872185,23.605805958747137
4.884778403251157,23.605805958747137
4.88867594614157,23.605805958747137
4.889915849315235,23.634975181366936
4.893587927922234,23.66412213740458
4.8941750436979685,23.693246852346434
4.894459627298769,23.693246852346434
4.895117330232407,23.72234935163997
4.895976386151438,23.72234935163997
4.896015580781738,23.72234935163997
4.89683645210192,23.72234935163997
4.899241017743345,23.751429660693862
4.899257579092625,23.751429660693862
4.902387755265854,23.78048780487805
4.9048270245799905,23.78048780487805
4.904898120867254,23.809523809523807
4.90636862454988,23.83853769992384
4.907323957031438,23.83853769992384
4.9102374642677935,23.83853769992384
4.910273584650652,23.867529501332317
4.910584566262575,23.867529501332317
4.910635593577766,23.896499238964992
4.912681492497926,23.92544693799924
4.915528947977359,23.954372623574145
4.916037135273059,23.954372623574145
4.917928774761293,23.983276320790576
4.918198459371008,24.012158054711247
4.9190872438813935,24.012158054711247
4.921366312777799,24.041017850360806
4.921947134536257,24.041017850360806
4.922487581019208,24.041017850360806
4.923783682498159,24.06985573272589
4.925028977797642,24.09867172675522
4.927560192289594,24.12746585735964
4.928099013528419,24.12746585735964
4.928756882910284,24.15623814941221
4.929550884023798,24.184988627748293
4.932670457737014,24.184988627748293
4.9368561041559555,24.184988627748293
4.93759581349961,24.213717317165592
4.937610693329186,24.242424242424242
4.938443165101602,24.242424242424242
4.939363790074756,24.242424242424242
4.940051551023941,24.242424242424242
4.941267103670261,24.271109428246877
4.943141908010178,24.271109428246877
4.944829890526632,24.299772899318697
4.945141781014278,24.32841468028755
4.945319894812498,24.357034795763994
4.945741296557538,24.357034795763994
4.9463332754171745,24.38563327032136
4.946487569634031,24.414210128495842
4.946766850981831,24.44276539478655
4.946873994739152,24.44276539478655
4.9475754152001175,24.44276539478655
4.948505989456476,24.47129909365559
4.952872450675759,24.499811249528126
4.953939872522692,24.528301886792452
4.956367259124762,24.556771029800075
4.956480776614286,24.556771029800075
4.958542260877491,24.556771029800075
4.9600631907639725,24.58521870286576
4.960685432520989,24.613644930267622
4.960916855070411,24.613644930267622
4.961048126350732,24.613644930267622
4.962200624218315,24.613644930267622
4.964870480195139,24.613644930267622
4.965263478690339,24.613644930267622
4.9669483100022225,24.613644930267622
4.9681573770960075,24.642049736247174
4.968894904804817,24.670433145009415
4.969196595876944,24.69879518072289
4.969643390232751,24.72713586751976
4.970124944870501,24.72713586751976
4.9702014807349,24.755455229495862
4.970974379882133,24.783753290710795
4.9712125487827254,24.81203007518797
4.973884704142025,24.81203007518797
4.974420498291552,24.81203007518797
4.974802423293951,24.81203007518797
4.974916762907499,24.840285606914694
4.9755825472201405,24.840285606914694
4.97712155037848,24.868519909842224
4.978055091876207,24.868519909842224
4.978987495000082,24.896733007885842
4.9807348126857125,24.896733007885842
4.985285834826124,24.924924924924923
4.988176413803322,24.924924924924923
4.9882094573837445,24.953095684803
4.9887096169971645,24.981245311327832
4.990038501075182,24.981245311327832
4.9900476546906045,24.981245311327832
4.991543316049502,25.009373828271464
4.993255843751412,25.009373828271464
4.9950787242865555,25.037481259370313
4.997556673600664,25.037481259370313
4.998316284314688,25.037481259370313
5.002226289317982,25.065567628325212
